Route_name,Route_link,Bus_name,Bus_type,Start_time,End_time,Total_duration,Price,Seats_Available,Ratings
Bangalore to Kozhikode,https://www.redbus.in/bus-tickets/bangalore-to-kozhikode,,,,,,,,
Kozhikode to Bangalore,https://www.redbus.in/bus-tickets/kozhikode-to-bangalore,,,,,,,,
Kozhikode to Ernakulam,https://www.redbus.in/bus-tickets/kozhikode-to-ernakulam,,,,,,,,
Ernakulam to Kozhikode,https://www.redbus.in/bus-tickets/ernakulam-to-kozhikode,,,,,,,,
Bangalore to Kannur,https://www.redbus.in/bus-tickets/bangalore-to-kannur,,,,,,,,
Kozhikode to Mysore,https://www.redbus.in/bus-tickets/kozhikode-to-mysore,,,,,,,,
Kannur to Bangalore,https://www.redbus.in/bus-tickets/kannur-to-bangalore,,,,,,,,
Kozhikode to Thiruvananthapuram,https://www.redbus.in/bus-tickets/kozhikode-to-thiruvananthapuram,,,,,,,,
Mysore to Kozhikode,https://www.redbus.in/bus-tickets/mysore-to-kozhikode,,,,,,,,
Bangalore to Kalpetta (kerala),https://www.redbus.in/bus-tickets/bangalore-to-kalpetta,,,,,,,,
Kalpetta (kerala) to Bangalore,https://www.redbus.in/bus-tickets/kalpetta-to-bangalore,,,,,,,,
Thiruvananthapuram to Kozhikode,https://www.redbus.in/bus-tickets/thiruvananthapuram-to-kozhikode,,,,,,,,
Kozhikode to Thrissur,https://www.redbus.in/bus-tickets/kozhikode-to-thrissur,,,,,,,,
Kozhikode to Kottayam,https://www.redbus.in/bus-tickets/kozhikode-to-kottayam,,,,,,,,
Kottayam to Kozhikode,https://www.redbus.in/bus-tickets/kottayam-to-kozhikode,,,,,,,,
Rayachoti to Bangalore,https://www.redbus.in/bus-tickets/rayachoti-to-bangalore,,,,,,,,
Kurnool to Hyderabad,https://www.redbus.in/bus-tickets/kurnool-to-hyderabad,,,,,,,,
Kadiri to Bangalore,https://www.redbus.in/bus-tickets/kadiri-to-bangalore,,,,,,,,
Visakhapatnam to Rajahmundry,https://www.redbus.in/bus-tickets/visakhapatnam-to-rajahmundry,,,,,,,,
Hyderabad to Addanki,https://www.redbus.in/bus-tickets/hyderabad-to-addanki,,,,,,,,
Hyderabad to Anantapur (andhra pradesh),https://www.redbus.in/bus-tickets/hyderabad-to-ananthapur,,,,,,,,
Hyderabad to Markapuram,https://www.redbus.in/bus-tickets/hyderabad-to-markapuram,,,,,,,,
Rajahmundry to Vijayawada,https://www.redbus.in/bus-tickets/rajahmundry-to-vijayawada,,,,,,,,
Tirupati to Chennai,https://www.redbus.in/bus-tickets/tirupathi-to-chennai,,,,,,,,
Vijayawada to Visakhapatnam,https://www.redbus.in/bus-tickets/vijayawada-to-visakhapatnam,,,,,,,,
Bangalore to Anantapur (andhra pradesh),https://www.redbus.in/bus-tickets/bangalore-to-ananthapur,,,,,,,,
Bangalore to Chittoor (Andhra Pradesh),https://www.redbus.in/bus-tickets/bangalore-to-chittoor-andhra-pradesh,,,,,,,,
Anantapur (andhra pradesh) to Bangalore,https://www.redbus.in/bus-tickets/ananthapur-to-bangalore,,,,,,,,
Hyderabad to Kurnool,https://www.redbus.in/bus-tickets/hyderabad-to-kurnool,,,,,,,,
Tirupati to Bangalore,https://www.redbus.in/bus-tickets/tirupathi-to-bangalore,,,,,,,,
Narasaraopet to Hyderabad,https://www.redbus.in/bus-tickets/narsaraopet-to-hyderabad,,,,,,,,
Vinukonda to Hyderabad,https://www.redbus.in/bus-tickets/vinukonda-to-hyderabad,,,,,,,,
Hyderabad to Vinukonda,https://www.redbus.in/bus-tickets/hyderabad-to-vinukonda,,,,,,,,
Visakhapatnam to Vijayawada,https://www.redbus.in/bus-tickets/visakhapatnam-to-vijayawada,,,,,,,,
Bangalore to Rayachoti,https://www.redbus.in/bus-tickets/bangalore-to-rayachoti,,,,,,,,
Hyderabad to Guntur (Andhra Pradesh),https://www.redbus.in/bus-tickets/hyderabad-to-guntur,,,,,,,,
Guntur (Andhra Pradesh) to Hyderabad,https://www.redbus.in/bus-tickets/guntur-to-hyderabad,,,,,,,,
Hyderabad to Eluru,https://www.redbus.in/bus-tickets/hyderabad-to-eluru,,,,,,,,
Eluru to Hyderabad,https://www.redbus.in/bus-tickets/eluru-to-hyderabad,,,,,,,,
Bangalore to Kadiri,https://www.redbus.in/bus-tickets/bangalore-to-kadiri,,,,,,,,
Madanapalli to Bangalore,https://www.redbus.in/bus-tickets/madanapalli-to-bangalore,,,,,,,,
Bangalore to Madanapalli,https://www.redbus.in/bus-tickets/bangalore-to-madanapalli,,,,,,,,
Macherla (andhra pradesh) to Hyderabad,https://www.redbus.in/bus-tickets/macherla-to-hyderabad,,,,,,,,
Rajahmundry to Visakhapatnam,https://www.redbus.in/bus-tickets/rajahmundry-to-visakhapatnam,,,,,,,,
Nandyal to Hyderabad,https://www.redbus.in/bus-tickets/nandyala-to-hyderabad,,,,,,,,
Hyderabad to Vijayawada,https://www.redbus.in/bus-tickets/hyderabad-to-vijayawada,,,,,,,,
Khammam to Hyderabad,https://www.redbus.in/bus-tickets/khammam-to-hyderabad,,,,,,,,
Hyderabad to Khammam,https://www.redbus.in/bus-tickets/hyderabad-to-khammam,,,,,,,,
Hyderabad to Srisailam,https://www.redbus.in/bus-tickets/hyderabad-to-srisailam,,,,,,,,
Karimnagar to Hyderabad,https://www.redbus.in/bus-tickets/karimnagar-to-hyderabad,,,,,,,,
Hyderabad to Karimnagar,https://www.redbus.in/bus-tickets/hyderabad-to-karimnagar,,,,,,,,
Hyderabad to Mancherial,https://www.redbus.in/bus-tickets/hyderabad-to-mancherial,,,,,,,,
Hyderabad to Nirmal,https://www.redbus.in/bus-tickets/hyderabad-to-nirmal,,,,,,,,
Hyderabad to Adilabad,https://www.redbus.in/bus-tickets/hyderabad-to-adilabad,,,,,,,,
Hyderabad to Ongole,https://www.redbus.in/bus-tickets/hyderabad-to-ongole,,,,,,,,
Kothagudem to Hyderabad,https://www.redbus.in/bus-tickets/kothagudem-to-hyderabad,,,,,,,,
Guntur (Andhra Pradesh) to Hyderabad,https://www.redbus.in/bus-tickets/guntur-to-hyderabad,,,,,,,,
Hyderabad to Guntur (Andhra Pradesh),https://www.redbus.in/bus-tickets/hyderabad-to-guntur,,,,,,,,
Godavarikhani to Hyderabad,https://www.redbus.in/bus-tickets/godavarikhani-to-hyderabad,,,,,,,,
Hyderabad to Kothagudem,https://www.redbus.in/bus-tickets/hyderabad-to-kothagudem,,,,,,,,
Hyderabad to Sathupally,https://www.redbus.in/bus-tickets/hyderabad-to-sathupalli,,,,,,,,
Hyderabad to Warangal,https://www.redbus.in/bus-tickets/hyderabad-to-warangal,,,,,,,,
Kodad to Hyderabad,https://www.redbus.in/bus-tickets/kodad-to-hyderabad,,,,,,,,
Jagityal to Hyderabad,https://www.redbus.in/bus-tickets/jagityal-to-hyderabad,,,,,,,,
Hyderabad to Bhadrachalam,https://www.redbus.in/bus-tickets/hyderabad-to-bhadrachalam,,,,,,,,
Hyderabad to Tirupati,https://www.redbus.in/bus-tickets/hyderabad-to-tirupathi,,,,,,,,
Hyderabad to Godavarikhani,https://www.redbus.in/bus-tickets/hyderabad-to-godavarikhani,,,,,,,,
Hyderabad to Armoor,https://www.redbus.in/bus-tickets/hyderabad-to-armoor,,,,,,,,
Hyderabad to Nandyal,https://www.redbus.in/bus-tickets/hyderabad-to-nandyala,,,,,,,,
Hyderabad to Kodad,https://www.redbus.in/bus-tickets/hyderabad-to-kodad,,,,,,,,
Hyderabad to Addanki,https://www.redbus.in/bus-tickets/hyderabad-to-addanki,,,,,,,,
Delhi to Patiala,https://www.redbus.in/bus-tickets/delhi-to-patiala,,,,,,,,
Patiala to Delhi,https://www.redbus.in/bus-tickets/patiala-to-delhi,,,,,,,,
Delhi to Ludhiana,https://www.redbus.in/bus-tickets/delhi-to-ludhiana,,,,,,,,
Ludhiana to Delhi,https://www.redbus.in/bus-tickets/ludhiana-to-delhi,,,,,,,,
Jalandhar to Delhi,https://www.redbus.in/bus-tickets/jalandhar-to-delhi,,,,,,,,
Delhi to Jalandhar,https://www.redbus.in/bus-tickets/delhi-to-jalandhar,,,,,,,,
Delhi Airport to Patiala,https://www.redbus.in/bus-tickets/delhi-airport-to-patiala,,,,,,,,
Ludhiana to Delhi Airport,https://www.redbus.in/bus-tickets/ludhiana-to-delhi-airport,,,,,,,,
Delhi Airport to Ludhiana,https://www.redbus.in/bus-tickets/delhi-airport-to-ludhiana,,,,,,,,
Jalandhar to Delhi Airport,https://www.redbus.in/bus-tickets/jalandhar-to-delhi-airport,,,,,,,,
Phagwara to Delhi Airport,https://www.redbus.in/bus-tickets/phagwara-to-delhi-airport,,,,,,,,
Delhi to Phagwara,https://www.redbus.in/bus-tickets/delhi-to-phagwara,,,,,,,,
Delhi Airport to Jalandhar,https://www.redbus.in/bus-tickets/delhi-airport-to-jalandhar,,,,,,,,
Phagwara to Delhi,https://www.redbus.in/bus-tickets/phagwara-to-delhi,,,,,,,,
Delhi to Amritsar,https://www.redbus.in/bus-tickets/delhi-to-amritsar,,,,,,,,
Amritsar to Delhi,https://www.redbus.in/bus-tickets/amritsar-to-delhi,,,,,,,,
Amritsar to Delhi Airport,https://www.redbus.in/bus-tickets/amritsar-to-delhi-airport,,,,,,,,
Delhi Airport to Phagwara,https://www.redbus.in/bus-tickets/delhi-airport-to-phagwara,,,,,,,,
Udaipur to Jodhpur,https://www.redbus.in/bus-tickets/udaipur-to-jodhpur,,,,,,,,
Jodhpur to Ajmer,https://www.redbus.in/bus-tickets/jodhpur-to-ajmer,,,,,,,,
Beawar (Rajasthan) to Jaipur (Rajasthan),https://www.redbus.in/bus-tickets/beawer-to-jaipur,,,,,,,,
Sikar to Jaipur (Rajasthan),https://www.redbus.in/bus-tickets/sikar-to-jaipur,,,,,,,,
Jaipur (Rajasthan) to Jodhpur,https://www.redbus.in/bus-tickets/jaipur-to-jodhpur,,,,,,,,
Aligarh (uttar pradesh) to Jaipur (Rajasthan),https://www.redbus.in/bus-tickets/aligarh-uttar-pradesh-to-jaipur,,,,,,,,
Jaipur (Rajasthan) to Aligarh (uttar pradesh),https://www.redbus.in/bus-tickets/jaipur-to-aligarh-uttar-pradesh,,,,,,,,
Jodhpur to Beawar (Rajasthan),https://www.redbus.in/bus-tickets/jodhpur-to-beawer,,,,,,,,
Jaipur (Rajasthan) to Pilani,https://www.redbus.in/bus-tickets/jaipur-to-pilani,,,,,,,,
Kishangarh to Jaipur (Rajasthan),https://www.redbus.in/bus-tickets/kishangarh-to-jaipur,,,,,,,,
Pali (Rajasthan) to Udaipur,https://www.redbus.in/bus-tickets/pali-to-udaipur,,,,,,,,
Udaipur to Pali (Rajasthan),https://www.redbus.in/bus-tickets/udaipur-to-pali-rajasthan,,,,,,,,
Kota(Rajasthan) to Udaipur,https://www.redbus.in/bus-tickets/kota-rajasthan-to-udaipur,,,,,,,,
Jaipur (Rajasthan) to Bhilwara,https://www.redbus.in/bus-tickets/jaipur-to-bhilwara,,,,,,,,
Sikar to Bikaner,https://www.redbus.in/bus-tickets/sikar-to-bikaner,,,,,,,,
Jaipur (Rajasthan) to Bharatpur,https://www.redbus.in/bus-tickets/jaipur-to-bharatpur,,,,,,,,
Jaipur (Rajasthan) to Mathura,https://www.redbus.in/bus-tickets/jaipur-to-mathura,,,,,,,,
Jaipur (Rajasthan) to Kota(Rajasthan),https://www.redbus.in/bus-tickets/jaipur-to-kota-rajasthan,,,,,,,,
Durgapur to Calcutta,https://www.redbus.in/bus-tickets/durgapur-to-kolkata,,,,,,,,
Kolkata to Burdwan,https://www.redbus.in/bus-tickets/kolkata-to-burdwan,,,,,,,,
Haldia to Calcutta,https://www.redbus.in/bus-tickets/haldia-to-kolkata,,,,,,,,
Kolkata to Haldia,https://www.redbus.in/bus-tickets/kolkata-to-haldia,,,,,,,,
Kolkata to Durgapur (West Bengal),https://www.redbus.in/bus-tickets/kolkata-to-durgapur,,,,,,,,
Kolkata to Arambagh (West Bengal),https://www.redbus.in/bus-tickets/kolkata-to-arambagh-west-bengal,,,,,,,,
Midnapore to Kolkata,https://www.redbus.in/bus-tickets/midnapore-to-kolkata,,,,,,,,
Kolkata to Digha,https://www.redbus.in/bus-tickets/kolkata-to-digha,,,,,,,,
Digha to Calcutta,https://www.redbus.in/bus-tickets/digha-to-kolkata,,,,,,,,
Kolkata to Bankura,https://www.redbus.in/bus-tickets/kolkata-to-bankura,,,,,,,,
Kolkata to Midnapore,https://www.redbus.in/bus-tickets/kolkata-to-midnapore,,,,,,,,
Kolkata to Asansol (West Bengal),https://www.redbus.in/bus-tickets/kolkata-to-asansol,,,,,,,,
Kolkata to Nimtouri,https://www.redbus.in/bus-tickets/kolkata-to-nimtouri,,,,,,,,
Jhargram to Kolkata,https://www.redbus.in/bus-tickets/jhargram-to-kolkata,,,,,,,,
Kolkata to Contai (Kanthi),https://www.redbus.in/bus-tickets/kolkata-to-contai-kanthi,,,,,,,,
Kolkata to Kolaghat,https://www.redbus.in/bus-tickets/kolkata-to-kolaghat,,,,,,,,
Kolkata to Nandakumar (west bengal),https://www.redbus.in/bus-tickets/kolkata-to-nandakumar,,,,,,,,
Kolkata to Mecheda (West Bengal),https://www.redbus.in/bus-tickets/kolkata-to-mecheda-west-bengal,,,,,,,,
Digha to Durgapur (West Bengal),https://www.redbus.in/bus-tickets/digha-to-durgapur,,,,,,,,
Midnapore to Barasat (West Bengal),https://www.redbus.in/bus-tickets/midnapore-to-barasat-west-bengal,,,,,,,,
Durgapur (West Bengal) to Digha,https://www.redbus.in/bus-tickets/durgapur-to-digha,,,,,,,,
Kolkata to Chandipur (West Bengal),https://www.redbus.in/bus-tickets/kolkata-to-chandipur-west-bengal,,,,,,,,
Barasat (West Bengal) to Midnapore,https://www.redbus.in/bus-tickets/barasat-west-bengal-to-midnapore,,,,,,,,
Kolkata to Debra,https://www.redbus.in/bus-tickets/kolkata-to-debra,,,,,,,,
Kirnahar (West Bengal) to Kolkata,https://www.redbus.in/bus-tickets/kirnahar-west-bengal-to-kolkata,,,,,,,,
Kolkata to Panskura,https://www.redbus.in/bus-tickets/kolkata-to-panskura,,,,,,,,
Kolkata to Heria,https://www.redbus.in/bus-tickets/kolkata-to-heria,,,,,,,,
Digha to Barasat (West Bengal),https://www.redbus.in/bus-tickets/digha-to-barasat-west-bengal,,,,,,,,
Illambazar to Kolkata,https://www.redbus.in/bus-tickets/illambazar-to-kolkata,,,,,,,,
Kolkata to Suri,https://www.redbus.in/bus-tickets/kolkata-to-suri,,,,,,,,
Delhi to Shimla,https://www.redbus.in/bus-tickets/delhi-to-shimla,,,,,,,,
Chandigarh to Hamirpur (Himachal Pradesh),https://www.redbus.in/bus-tickets/chandigarh-to-hamirpur-himachal-pradesh,,,,,,,,
Hamirpur (Himachal Pradesh) to Chandigarh,https://www.redbus.in/bus-tickets/hamirpur-himachal-pradesh-to-chandigarh,,,,,,,,
Shimla to Delhi,https://www.redbus.in/bus-tickets/shimla-to-delhi,,,,,,,,
Delhi to Chandigarh,https://www.redbus.in/bus-tickets/delhi-to-chandigarh,,,,,,,,
Hamirpur (Himachal Pradesh) to Delhi,https://www.redbus.in/bus-tickets/hamirpur-himachal-pradesh-to-delhi,,,,,,,,
Chamba (Himachal Pradesh) to Chandigarh,https://www.redbus.in/bus-tickets/chamba-himachal-pradesh-to-chandigarh,,,,,,,,
Delhi to Hamirpur (Himachal Pradesh),https://www.redbus.in/bus-tickets/delhi-to-hamirpur-himachal-pradesh,,,,,,,,
Chandigarh to Dharamshala (Himachal Pradesh),https://www.redbus.in/bus-tickets/chandigarh-to-dharamshala,,,,,,,,
Delhi to Chamba (Himachal Pradesh),https://www.redbus.in/bus-tickets/delhi-to-chamba-himachal-pradesh,,,,,,,,
Chamba (Himachal Pradesh) to Delhi,https://www.redbus.in/bus-tickets/chamba-himachal-pradesh-to-delhi,,,,,,,,
Kangra to Chandigarh,https://www.redbus.in/bus-tickets/kangra-to-chandigarh,,,,,,,,
Shimla to Chandigarh,https://www.redbus.in/bus-tickets/shimla-to-chandigarh,,,,,,,,
Delhi to Baddi (Himachal Pradesh),https://www.redbus.in/bus-tickets/delhi-to-baddi-himachal-pradesh,,,,,,,,
Delhi to Solan,https://www.redbus.in/bus-tickets/delhi-to-solan,,,,,,,,
Delhi to Nalagarh,https://www.redbus.in/bus-tickets/delhi-to-nalagarh,,,,,,,,
Dharamshala (Himachal Pradesh) to Chandigarh,https://www.redbus.in/bus-tickets/dharamshala-to-chandigarh,,,,,,,,
Palampur to Chandigarh,https://www.redbus.in/bus-tickets/palampur-to-chandigarh,,,,,,,,
Ghumarwin to Delhi,https://www.redbus.in/bus-tickets/ghumarwin-to-delhi,,,,,,,,
Chandigarh to Kangra,https://www.redbus.in/bus-tickets/chandigarh-to-kangra,,,,,,,,
Baddi (Himachal Pradesh) to Delhi,https://www.redbus.in/bus-tickets/baddi-himachal-pradesh-to-delhi,,,,,,,,
Manali to Chandigarh,https://www.redbus.in/bus-tickets/manali-to-chandigarh,,,,,,,,
Solan to Delhi,https://www.redbus.in/bus-tickets/solan-to-delhi,,,,,,,,
Chandigarh to Manali,https://www.redbus.in/bus-tickets/chandigarh-to-manali,,,,,,,,
Delhi to Sarkaghat,https://www.redbus.in/bus-tickets/delhi-to-sarkaghat,,,,,,,,
Ghumarwin to Chandigarh,https://www.redbus.in/bus-tickets/ghumarwin-to-chandigarh,,,,,,,,
Chandigarh to Kullu,https://www.redbus.in/bus-tickets/chandigarh-to-kullu,,,,,,,,
Delhi to Bilaspur (Himachal Pradesh),https://www.redbus.in/bus-tickets/delhi-to-bilaspur-himachal-pradesh,,,,,,,,
Delhi to Ghumarwin,https://www.redbus.in/bus-tickets/delhi-to-ghumarwin,,,,,,,,
Chamba (Himachal Pradesh) to Shimla,https://www.redbus.in/bus-tickets/chamba-himachal-pradesh-to-shimla,,,,,,,,
Tezpur to Guwahati,https://www.redbus.in/bus-tickets/tezpur-to-guwahati,,,,,,,,
Guwahati to Tezpur,https://www.redbus.in/bus-tickets/guwahati-to-tezpur,,,,,,,,
Guwahati to Nagaon (Assam),https://www.redbus.in/bus-tickets/guwahati-to-nagaon,,,,,,,,
Nagaon (Assam) to Guwahati,https://www.redbus.in/bus-tickets/nagaon-to-guwahati,,,,,,,,
Goalpara to Guwahati,https://www.redbus.in/bus-tickets/goalpara-to-guwahati,,,,,,,,
Jorhat to North Lakhimpur,https://www.redbus.in/bus-tickets/jorhat-to-north-lakhimpur,,,,,,,,
Dhubri to Guwahati,https://www.redbus.in/bus-tickets/dhubri-to-guwahati,,,,,,,,
Jorhat to Dibrugarh,https://www.redbus.in/bus-tickets/jorhat-to-dibrugarh,,,,,,,,
North Lakhimpur to Jorhat,https://www.redbus.in/bus-tickets/north-lakhimpur-to-jorhat,,,,,,,,
North Lakhimpur to Sibsagar,https://www.redbus.in/bus-tickets/north-lakhimpur-to-sibsagar,,,,,,,,
Guwahati to Dhubri,https://www.redbus.in/bus-tickets/guwahati-to-dhubri,,,,,,,,
Dhekiajuli to Guwahati,https://www.redbus.in/bus-tickets/dhekiajuli-to-guwahati,,,,,,,,
Sibsagar to North Lakhimpur,https://www.redbus.in/bus-tickets/sibsagar-to-north-lakhimpur,,,,,,,,
Dibrugarh to Jorhat,https://www.redbus.in/bus-tickets/dibrugarh-to-jorhat,,,,,,,,
Jorhat to Dhemaji,https://www.redbus.in/bus-tickets/jorhat-to-dhemaji,,,,,,,,
Jorhat to Tinsukia,https://www.redbus.in/bus-tickets/jorhat-to-tinsukia,,,,,,,,
Tezpur to Dibrugarh,https://www.redbus.in/bus-tickets/tezpur-to-dibrugarh,,,,,,,,
Dhemaji to Jorhat,https://www.redbus.in/bus-tickets/dhemaji-to-jorhat,,,,,,,,
North Lakhimpur to Tezpur,https://www.redbus.in/bus-tickets/north-lakhimpur-to-tezpur,,,,,,,,
Guwahati to Biswanath Charali,https://www.redbus.in/bus-tickets/guwahati-to-biswanath-charali,,,,,,,,
North Lakhimpur to Dibrugarh,https://www.redbus.in/bus-tickets/north-lakhimpur-to-dibrugarh,,,,,,,,
Tinsukia to Jorhat,https://www.redbus.in/bus-tickets/tinsukia-to-jorhat,,,,,,,,
Tezpur to North Lakhimpur,https://www.redbus.in/bus-tickets/tezpur-to-north-lakhimpur,,,,,,,,
North Lakhimpur to Moran,https://www.redbus.in/bus-tickets/north-lakhimpur-to-moran,,,,,,,,
Guwahati to Gohpur,https://www.redbus.in/bus-tickets/guwahati-to-gohpur,,,,,,,,
Guwahati to Kaliabor,https://www.redbus.in/bus-tickets/guwahati-to-kaliabor,,,,,,,,
Guwahati to Tumuki (Tezpur Medical),https://www.redbus.in/bus-tickets/guwahati-to-tumuki-tezpur-medical,,,,,,,,
Dibrugarh to Tezpur,https://www.redbus.in/bus-tickets/dibrugarh-to-tezpur,,,,,,,,
Biswanath Charali to Guwahati,https://www.redbus.in/bus-tickets/biswanath-charali-to-guwahati,,,,,,,,
Dibrugarh to North Lakhimpur,https://www.redbus.in/bus-tickets/dibrugarh-to-north-lakhimpur,,,,,,,,
Delhi to Bareilly,https://www.redbus.in/bus-tickets/delhi-to-bareilly,,,,,,,,
Bareilly to Delhi,https://www.redbus.in/bus-tickets/bareilly-to-delhi,,,,,,,,
Aligarh (uttar pradesh) to Delhi,https://www.redbus.in/bus-tickets/aligarh-uttar-pradesh-to-delhi,,,,,,,,
Delhi to Aligarh (uttar pradesh),https://www.redbus.in/bus-tickets/delhi-to-aligarh-uttar-pradesh,,,,,,,,
Lucknow to Allahabad,https://www.redbus.in/bus-tickets/lucknow-to-allahabad,,,,,,,,
Lucknow to Delhi,https://www.redbus.in/bus-tickets/lucknow-to-delhi,,,,,,,,
Delhi to Farrukhabad (Uttar Pradesh),https://www.redbus.in/bus-tickets/delhi-to-farrukhabad-up,,,,,,,,
Farrukhabad (Uttar Pradesh) to Delhi,https://www.redbus.in/bus-tickets/farrukhabad-up-to-delhi,,,,,,,,
Badaun to Delhi,https://www.redbus.in/bus-tickets/badaun-to-delhi,,,,,,,,
Allahabad to Lucknow,https://www.redbus.in/bus-tickets/allahabad-to-lucknow,,,,,,,,
Lucknow to Agra,https://www.redbus.in/bus-tickets/lucknow-to-agra,,,,,,,,
Sitapur (Uttar Pradesh) to Delhi,https://www.redbus.in/bus-tickets/sitapur-to-delhi,,,,,,,,
Delhi to Badaun,https://www.redbus.in/bus-tickets/delhi-to-badaun,,,,,,,,
Delhi to Sitapur (Uttar Pradesh),https://www.redbus.in/bus-tickets/delhi-to-sitapur,,,,,,,,
Agra to Delhi,https://www.redbus.in/bus-tickets/agra-to-delhi,,,,,,,,
Delhi to Moradabad,https://www.redbus.in/bus-tickets/delhi-to-moradabad,,,,,,,,
Delhi to Lucknow,https://www.redbus.in/bus-tickets/delhi-to-lucknow,,,,,,,,
Agra to Lucknow,https://www.redbus.in/bus-tickets/agra-to-lucknow,,,,,,,,
Lucknow to Varanasi,https://www.redbus.in/bus-tickets/lucknow-to-varanasi,,,,,,,,
Agra to Bareilly,https://www.redbus.in/bus-tickets/agra-to-bareilly,,,,,,,,
Lucknow to Bareilly,https://www.redbus.in/bus-tickets/lucknow-to-bareilly,,,,,,,,
Bareilly to Agra,https://www.redbus.in/bus-tickets/bareilly-to-agra,,,,,,,,
Delhi to Agra,https://www.redbus.in/bus-tickets/delhi-to-agra,,,,,,,,
Varanasi to Lucknow,https://www.redbus.in/bus-tickets/varanasi-to-lucknow,,,,,,,,
Moradabad to Delhi,https://www.redbus.in/bus-tickets/moradabad-to-delhi,,,,,,,,
Kanpur (Uttar Pradesh) to Jhansi,https://www.redbus.in/bus-tickets/kanpur-to-jhansi,,,,,,,,
Delhi to Shahjahanpur (Uttar Pradesh),https://www.redbus.in/bus-tickets/delhi-to-shahjahanpur,,,,,,,,
Shahjahanpur (Uttar Pradesh) to Delhi,https://www.redbus.in/bus-tickets/shahjahanpur-to-delhi,,,,,,,,
Gorakhpur (uttar pradesh) to Lucknow,https://www.redbus.in/bus-tickets/gorakhpur-to-lucknow,,,,,,,,
Kanpur (Uttar Pradesh) to Bareilly,https://www.redbus.in/bus-tickets/kanpur-to-bareilly,,,,,,,,
Digha to Barasat (West Bengal),https://www.redbus.in/bus-tickets/digha-to-barasat-west-bengal,WBTC (CTC) HABRA-DIGHA via Bally - 26|14:50,Non AC Seater (2+3),14:50,19:35,04h 45m,INR 161,44 Seats available,"3.5
49"
Digha to Barasat (West Bengal),https://www.redbus.in/bus-tickets/digha-to-barasat-west-bengal,WBTC (CTC) MADHYAMGRAM - DIGHA via Belghoria - 130|16:00,Non AC Seater (2+3),16:00,21:05,05h 05m,INR 161,46 Seats available,"2.3
24"
Digha to Barasat (West Bengal),https://www.redbus.in/bus-tickets/digha-to-barasat-west-bengal,The Joy Ride,A/C Seater / Sleeper (2+2),21:15,03:35,06h 20m,520,52 Seats available,3.7
Digha to Barasat (West Bengal),https://www.redbus.in/bus-tickets/digha-to-barasat-west-bengal,Aradhana Bus Service,Non AC Seater (2+3),16:50,23:30,06h 40m,INR 350,54 Seats available,2.1
Digha to Barasat (West Bengal),https://www.redbus.in/bus-tickets/digha-to-barasat-west-bengal,Aradhana Travels,A/C Seater / Sleeper (2+2),18:35,23:55,05h 20m,463,20 Seats available,"1.1
10"
Digha to Barasat (West Bengal),https://www.redbus.in/bus-tickets/digha-to-barasat-west-bengal,Satya Paribahan,A/C Seater (2+3),23:00,05:10,06h 10m,INR 320,38 Seats available,"2.8
32"
Digha to Barasat (West Bengal),https://www.redbus.in/bus-tickets/digha-to-barasat-west-bengal,Snemita Paribahan (Shinjini),AC Seater (2+3),23:35,05:00,05h 25m,INR 330,27 Seats available,"2.4
17"
Digha to Barasat (West Bengal),https://www.redbus.in/bus-tickets/digha-to-barasat-west-bengal,Arunita Paribahan,A/C Seater (2+3),23:35,05:00,05h 25m,INR 370,21 Seats available,2.8
Digha to Barasat (West Bengal),https://www.redbus.in/bus-tickets/digha-to-barasat-west-bengal,Aradhana Bus Service,A/C Seater / Sleeper (2+2),23:00,04:30,05h 30m,INR 550,67 Seats available,"2.1
6"
Durgapur to Calcutta,https://www.redbus.in/bus-tickets/durgapur-to-kolkata,SBSTC-ASANSOL - KARUNAMOYEE - VOLVO - 13:25 (BEL DEPOT) - 3956,Volvo AC Seater (2+2),14:30,18:45,04h 15m,INR 360,48 Seats available,"3.6
14"
Durgapur to Calcutta,https://www.redbus.in/bus-tickets/durgapur-to-kolkata,SBSTC-BANKURA - KARUNAMOYEE - 13:00 (BNK DEPOT) - 240,Non AC Seater (2+3),14:55,18:55,04h 00m,INR 155,32 Seats available,"3.6
58"
Durgapur to Calcutta,https://www.redbus.in/bus-tickets/durgapur-to-kolkata,SBSTC-DURGAPUR - KARUNAMOYEE - A/C - 15:10 (DGP DEPOT) - 1648,AC Seater (2+2),15:10,19:10,04h 00m,INR 300,23 Seats available,"3.0
148"
Durgapur to Calcutta,https://www.redbus.in/bus-tickets/durgapur-to-kolkata,SBSTC-ASANSOL - KOLKATA - 14:05 (HOWRAH DEPOT) - 748,Non AC Seater (2+3),15:15,18:45,03h 30m,INR 150,47 Seats available,"3.0
53"
Durgapur to Calcutta,https://www.redbus.in/bus-tickets/durgapur-to-kolkata,SBSTC-ASANSOL - KOLKATA - A/C - 14:20 (HWH DEPOT) - 1149,AC Seater (2+2),15:40,19:10,03h 30m,INR 300,33 Seats available,"3.7
56"
Durgapur to Calcutta,https://www.redbus.in/bus-tickets/durgapur-to-kolkata,SBSTC-ASANSOL - KOLKATA - 14:35 (HOWRAH DEPOT) - 208,Non AC Seater (2+3),15:45,19:15,03h 30m,INR 150,52 Seats available,"2.3
24"
Durgapur to Calcutta,https://www.redbus.in/bus-tickets/durgapur-to-kolkata,SBSTC-BANKURA - KARUNAMOYEE - 14:15 (BNK DEPOT) - 241,Non AC Seater (2+3),16:00,20:00,04h 00m,INR 155,36 Seats available,"3.4
65"
Durgapur to Calcutta,https://www.redbus.in/bus-tickets/durgapur-to-kolkata,SBSTC-ASANSOL - KOLKATA - VOLVO - 15:05 (BEL DEPOT) - 3291,Volvo AC Seater (2+2),16:15,20:25,04h 10m,INR 360,51 Seats available,3.5
Durgapur to Calcutta,https://www.redbus.in/bus-tickets/durgapur-to-kolkata,SBSTC-ASANSOL - KOLKATA - 15:05 (HWH DEPOT) - 210,Non AC Seater (2+3),16:15,19:45,03h 30m,INR 150,49 Seats available,"3.1
44"
Durgapur to Calcutta,https://www.redbus.in/bus-tickets/durgapur-to-kolkata,SBSTC-ASANSOL - KARUNAMOYEE - 15:10 (BEL DEPOT) - 216,Non AC Seater (2+3),16:20,20:20,04h 00m,INR 155,42 Seats available,"3.5
126"
Durgapur to Calcutta,https://www.redbus.in/bus-tickets/durgapur-to-kolkata,SBSTC-ASANSOL - KOLKATA - 15:35 (HOWRAH DEPOT) - 211,Non AC Seater (2+3),16:45,20:15,03h 30m,INR 150,52 Seats available,"2.2
32"
Durgapur to Calcutta,https://www.redbus.in/bus-tickets/durgapur-to-kolkata,SBSTC-BANKURA - KARUNAMOYEE - A/C - 15:15 - 1500,AC Seater (2+2),17:00,21:00,04h 00m,INR 300,24 Seats available,"1.9
87"
Durgapur to Calcutta,https://www.redbus.in/bus-tickets/durgapur-to-kolkata,SBSTC-ASANSOL - KARUNAMOYEE - 16:10 (BEL DEPOT) - 217,Non AC Seater (2+3),17:25,21:25,04h 00m,INR 155,46 Seats available,"3.2
77"
Durgapur to Calcutta,https://www.redbus.in/bus-tickets/durgapur-to-kolkata,SBSTC-ASANSOL - KOLKATA - 16:30 (HOWRAH DEPOT) - 752,Non AC Seater (2+3),17:40,21:10,03h 30m,INR 150,49 Seats available,"3.8
40"
Durgapur to Calcutta,https://www.redbus.in/bus-tickets/durgapur-to-kolkata,SBSTC-ASANSOL - KARUNAMOYEE - 16:40 (ASANSOL DEPOT) - 847,Non AC Seater (2+3),17:50,22:00,04h 10m,INR 155,51 Seats available,"3.6
75"
Durgapur to Calcutta,https://www.redbus.in/bus-tickets/durgapur-to-kolkata,Shyamoli Paribahan Pvt Ltd,Scania Multi-Axle AC Semi Sleeper (2+2),14:10,18:00,03h 50m,INR 486,33 Seats available,"3.8
215"
Durgapur to Calcutta,https://www.redbus.in/bus-tickets/durgapur-to-kolkata,Express Line (Karunamoyee),Volvo A/C Seater (2+2),14:20,18:10,03h 50m,INR 486,18 Seats available,"4.9
5"
Durgapur to Calcutta,https://www.redbus.in/bus-tickets/durgapur-to-kolkata,Greenline,Volvo A/C Seater (2+2),14:50,18:50,04h 00m,INR 486,18 Seats available,"4.1
122"
Durgapur to Calcutta,https://www.redbus.in/bus-tickets/durgapur-to-kolkata,Express Line (Karunamoyee),Volvo 9600 Multi Axle Semi-Sleeper (2+2),15:00,18:50,03h 50m,INR 486,25 Seats available,"3.6
9"
Durgapur to Calcutta,https://www.redbus.in/bus-tickets/durgapur-to-kolkata,Greenline (Karunamoyee),Volvo A/C Seater (2+2),15:30,19:30,04h 00m,INR 486,22 Seats available,"4.0
217"
Digha to Calcutta,https://www.redbus.in/bus-tickets/digha-to-kolkata,WBTC (CTC) Joka - Tollygunge - Digha - 99|14:30,Non AC Seater (2+3),14:30,19:00,04h 30m,INR 145,49 Seats available,3.6
Digha to Calcutta,https://www.redbus.in/bus-tickets/digha-to-kolkata,WBTC (CTC) HABRA-DIGHA via Bally - 26|14:50,Non AC Seater (2+3),14:50,19:05,04h 15m,INR 146,44 Seats available,"3.7
18"
Digha to Calcutta,https://www.redbus.in/bus-tickets/digha-to-kolkata,WBTC (CTC) Khidderpur - Digha - 97|15:00,Non AC Seater (2+3),15:00,20:00,05h 00m,INR 151,49 Seats available,3.6
Digha to Calcutta,https://www.redbus.in/bus-tickets/digha-to-kolkata,WBTC (CTC) Joka - Tollygunge - Digha - 99|15:30,Non AC Seater (2+3),15:30,19:45,04h 15m,INR 145,49 Seats available,"3.5
5"
Digha to Calcutta,https://www.redbus.in/bus-tickets/digha-to-kolkata,WBTC (CTC) MADHYAMGRAM - DIGHA via Belghoria - 130|16:00,Non AC Seater (2+3),16:00,20:30,04h 30m,INR 147,46 Seats available,"2.9
18"
Digha to Calcutta,https://www.redbus.in/bus-tickets/digha-to-kolkata,WBTC (CTC) Tollygunge - Digha - 200|16:30,Non AC Seater (2+3),16:30,20:45,04h 15m,INR 145,49 Seats available,"3.8
29"
Digha to Calcutta,https://www.redbus.in/bus-tickets/digha-to-kolkata,Samanta Travels,A/C Seater (2+3),14:30,19:20,04h 50m,INR 300,17 Seats available,"3.3
84"
Digha to Calcutta,https://www.redbus.in/bus-tickets/digha-to-kolkata,Sneha Gold Bus Service,A/C Seater (2+3),16:30,21:30,05h 00m,INR 300,20 Seats available,"4.6
17"
Digha to Calcutta,https://www.redbus.in/bus-tickets/digha-to-kolkata,Snemita Parisheba(SNEHA GOLD),AC Seater (2+3),16:40,21:10,04h 30m,352,46 Seats available,"3.2
44"
Digha to Calcutta,https://www.redbus.in/bus-tickets/digha-to-kolkata,City Express (Shinjini),AC Seater (2+3),22:45,04:10,05h 25m,INR 290,22 Seats available,"3.5
27"
Digha to Calcutta,https://www.redbus.in/bus-tickets/digha-to-kolkata,Snemita Paribahan(Shinjini),A/C Seater (2+3),22:45,04:10,05h 25m,INR 320,28 Seats available,"3.3
30"
Digha to Calcutta,https://www.redbus.in/bus-tickets/digha-to-kolkata,Satya Paribahan,A/C Seater (2+3),23:00,03:45,04h 45m,INR 320,40 Seats available,"2.9
31"
Digha to Calcutta,https://www.redbus.in/bus-tickets/digha-to-kolkata,Parameswar Travels,A/C Seater Push Back (2+3),20:00,01:35,05h 35m,285,20 Seats available,"3.4
8"
Digha to Calcutta,https://www.redbus.in/bus-tickets/digha-to-kolkata,Snemita Paribahan(SHINJINI),A/C Seater (2+3),16:00,20:30,04h 30m,INR 280,30 Seats available,"2.3
25"
Digha to Calcutta,https://www.redbus.in/bus-tickets/digha-to-kolkata,City Express (Shinjini),AC Seater (2+3),16:00,20:30,04h 30m,INR 290,26 Seats available,"2.1
11"
Digha to Calcutta,https://www.redbus.in/bus-tickets/digha-to-kolkata,Aradhana Travels,A/C Seater / Sleeper (2+2),18:35,23:00,04h 25m,463,18 Seats available,"1.9
15"
Kolkata to Digha,https://www.redbus.in/bus-tickets/kolkata-to-digha,WBTC (CTC) Kolkata - Digha - 124|14:40,Non AC Seater (2+3),14:40,19:05,04h 25m,INR 145,48 Seats available,"4.1
34"
Kolkata to Digha,https://www.redbus.in/bus-tickets/kolkata-to-digha,WBTC (CTC) Belgachia - Digha via Esplanade - 51|14:45,Non AC Seater (2+3),14:45,20:10,05h 25m,INR 155,48 Seats available,3.3
Kolkata to Digha,https://www.redbus.in/bus-tickets/kolkata-to-digha,WBTC (CTC) Belgachia - Digha via Esplanade - 51|15:45,Non AC Seater (2+3),15:45,20:10,04h 25m,INR 145,48 Seats available,"3.0
20"
Kolkata to Digha,https://www.redbus.in/bus-tickets/kolkata-to-digha,WBTC (CTC) Khidderpur - Digha - 97|16:00,Non AC Seater (2+3),16:00,21:00,05h 00m,INR 151,49 Seats available,3.3
Kolkata to Digha,https://www.redbus.in/bus-tickets/kolkata-to-digha,WBTC (CTC) Khidderpur - Digha - 97|16:45,Non AC Seater (2+3),16:45,21:00,04h 15m,INR 145,49 Seats available,"3.0
43"
Kolkata to Digha,https://www.redbus.in/bus-tickets/kolkata-to-digha,Shyamoli Paribahan Pvt Ltd,Volvo Multi-Axle A/C seater/sleeper (2+1),23:30,04:30,05h 00m,INR 400,55 Seats available,"4.5
340"
Kolkata to Digha,https://www.redbus.in/bus-tickets/kolkata-to-digha,Express Line,Volvo 9600 A/C Seater (2+2),23:45,04:45,05h 00m,INR 299,35 Seats available,"4.3
320"
Kolkata to Digha,https://www.redbus.in/bus-tickets/kolkata-to-digha,Maa Chandi Travels,A/C Seater / Sleeper (2+2),22:00,05:30,07h 30m,360,41 Seats available,"4.3
192"
Kolkata to Digha,https://www.redbus.in/bus-tickets/kolkata-to-digha,Sagufta Travels(Maa Chandi),A/C Seater / Sleeper (2+2),23:57,05:10,05h 13m,338,32 Seats available,"3.9
97"
Kolkata to Digha,https://www.redbus.in/bus-tickets/kolkata-to-digha,Maa Chandi Travels,A/C Seater / Sleeper (2+2),23:57,05:10,05h 13m,370,41 Seats available,"4.2
72"
Kolkata to Digha,https://www.redbus.in/bus-tickets/kolkata-to-digha,Sagufta Travels (Bhorpet Travels),AC Seater (2+2),23:55,04:35,04h 40m,338,20 Seats available,"4.0
49"
Kolkata to Digha,https://www.redbus.in/bus-tickets/kolkata-to-digha,Purusottam Travels,A/C Seater (2+3),14:39,20:05,05h 26m,270,46 Seats available,"4.3
20"
Kolkata to Digha,https://www.redbus.in/bus-tickets/kolkata-to-digha,Sagufta Travels(Maa Chandi),A/C Seater / Sleeper (2+2),22:10,05:40,07h 30m,338,30 Seats available,"4.3
19"
Kolkata to Digha,https://www.redbus.in/bus-tickets/kolkata-to-digha,Basu Travels,A/C Seater Push Back (2+3),23:30,04:30,05h 00m,INR 269,20 Seats available,"3.9
21"
Kolkata to Digha,https://www.redbus.in/bus-tickets/kolkata-to-digha,Basu Travels,A/C Seater / Sleeper (2+2),23:59,05:00,05h 01m,INR 300,34 Seats available,"3.2
40"
Kolkata to Suri,https://www.redbus.in/bus-tickets/kolkata-to-suri,SBSTC-KARUNAMOYEE - SURI - 14:45 (Suri Depot) - 645,Non AC Seater (2+3),14:45,20:15,05h 30m,INR 195,51 Seats available,"4.1
35"
Kolkata to Suri,https://www.redbus.in/bus-tickets/kolkata-to-suri,SBSTC-KOLKATA - SURI - 15:30 - (Suri Depot) - 655,Non AC Seater (2+3),15:30,21:00,05h 30m,INR 190,52 Seats available,"3.7
16"
Kolkata to Suri,https://www.redbus.in/bus-tickets/kolkata-to-suri,SBSTC-KOLKATA - SURI - 16: 30 - (Suri Depot) - 653,Non AC Seater (2+3),16:30,22:00,05h 30m,INR 190,52 Seats available,"4.2
10"
Kolkata to Suri,https://www.redbus.in/bus-tickets/kolkata-to-suri,SBSTC-KOLKATA - SURI - 18:00 - (Suri Depot) - 1205,Non AC Seater (2+3),18:00,23:00,05h 00m,INR 190,52 Seats available,"2.7
21"
Kolkata to Suri,https://www.redbus.in/bus-tickets/kolkata-to-suri,WBTC (CTC) KOLKATA -BOLPUR - SURI (AC-VOLVO) - 104|14:30,Volvo AC Seater (2+2),14:30,19:10,04h 40m,INR 435,28 Seats available,"3.6
204"
Midnapore to Kolkata,https://www.redbus.in/bus-tickets/midnapore-to-kolkata,SBSTC-MIDNAPUR - KOLKATA - 14:30 (MID DEPOT) - 871,Non AC Seater (2+3),14:30,00:00,09h 30m,INR 110,41 Seats available,"3.4
24"
Midnapore to Kolkata,https://www.redbus.in/bus-tickets/midnapore-to-kolkata,SBSTC-JHARGRAM - KARUNAMOYEE - VIA - KOLKATA - 13:35 - 1764,Non AC Seater (2+3),15:05,00:00,08h 55m,INR 110,44 Seats available,"4.2
36"
Midnapore to Kolkata,https://www.redbus.in/bus-tickets/midnapore-to-kolkata,SBSTC-MIDNAPUR - GARIA - 15:30 (MID DEPOT) - 1511,Non AC Seater (2+3),15:30,00:00,08h 30m,INR 110,48 Seats available,"3.6
24"
Midnapore to Kolkata,https://www.redbus.in/bus-tickets/midnapore-to-kolkata,SBSTC-MIDNAPUR - BARASAT - 16:00 (MID DEPOT) - 1193,Non AC Seater (2+3),16:00,00:00,08h 00m,INR 111,30 Seats available,"4.0
21"
Midnapore to Kolkata,https://www.redbus.in/bus-tickets/midnapore-to-kolkata,SBSTC-MIDNAPUR - KARUNAMOYEE - 16:40 - 997,Non AC Seater (2+3),16:40,00:00,07h 20m,INR 118,37 Seats available,"3.3
44"
Kolkata to Durgapur (West Bengal),https://www.redbus.in/bus-tickets/kolkata-to-durgapur,SBSTC-KARUNAMOYEE - ASANSOL - 15:00 (ASN DEPOT) - 248,Non AC Seater (2+3),15:00,18:45,03h 45m,INR 155,46 Seats available,"3.5
37"
Kolkata to Durgapur (West Bengal),https://www.redbus.in/bus-tickets/kolkata-to-durgapur,SBSTC-KOLKATA - ASANSOL - 15:00 (ASANSOL DEPOT) - 257,Non AC Seater (2+3),15:00,18:30,03h 30m,INR 150,48 Seats available,"3.8
17"
Kolkata to Durgapur (West Bengal),https://www.redbus.in/bus-tickets/kolkata-to-durgapur,SBSTC-KOLKATA - DURGAPUR - 15:15 (DGP DEPOT) - 759,Non AC Seater (2+3),15:15,18:45,03h 30m,INR 150,52 Seats available,"3.8
21"
Kolkata to Durgapur (West Bengal),https://www.redbus.in/bus-tickets/kolkata-to-durgapur,SBSTC-KOLKATA - BANKURA - 15:30 (Bankura Depot) - 294,Non AC Seater (2+3),15:30,19:00,03h 30m,INR 150,52 Seats available,"3.6
20"
Kolkata to Durgapur (West Bengal),https://www.redbus.in/bus-tickets/kolkata-to-durgapur,SBSTC-KARUNAMOYEE - ASANSOL - 15:30 (ASN DEPOT) - 249,Non AC Seater (2+3),15:30,19:15,03h 45m,INR 155,46 Seats available,"4.0
95"
Kolkata to Durgapur (West Bengal),https://www.redbus.in/bus-tickets/kolkata-to-durgapur,SHYAMOLI Pvt. Ltd.(Karunamoyee),Scania Multi-Axle AC Semi Sleeper (2+2),14:10,18:00,03h 50m,INR 486,12 Seats available,"4.5
296"
Kolkata to Durgapur (West Bengal),https://www.redbus.in/bus-tickets/kolkata-to-durgapur,Express Line,Volvo 9600 A/C Semi Sleeper (2+2),14:10,17:30,03h 20m,INR 486,33 Seats available,"4.8
89"
Kolkata to Durgapur (West Bengal),https://www.redbus.in/bus-tickets/kolkata-to-durgapur,Greenline,Volvo A/C Seater (2+2),14:30,18:30,04h 00m,INR 486,32 Seats available,"4.7
57"
Kolkata to Durgapur (West Bengal),https://www.redbus.in/bus-tickets/kolkata-to-durgapur,Greenline (Karunamoyee),Volvo A/C Seater (2+2),15:00,19:00,04h 00m,INR 486,32 Seats available,"4.3
259"
Kolkata to Durgapur (West Bengal),https://www.redbus.in/bus-tickets/kolkata-to-durgapur,Shyamoli Paribahan Pvt Ltd,Scania Multi-Axle AC Semi Sleeper (2+2),15:00,18:00,03h 00m,INR 486,21 Seats available,"4.5
102"
Midnapore to Barasat (West Bengal),https://www.redbus.in/bus-tickets/midnapore-to-barasat-west-bengal,WBTC (CTC) Habra-Midnapur - 194|14:45,Non AC Seater (2+3),14:45,17:55,03h 10m,INR 120,46 Seats available,3.9
Midnapore to Barasat (West Bengal),https://www.redbus.in/bus-tickets/midnapore-to-barasat-west-bengal,WBTC (CTC) Habra-Midnapur - 194|15:40,Non AC Seater (2+3),15:40,18:55,03h 15m,INR 120,28 Seats available,"4.0
73"
Midnapore to Barasat (West Bengal),https://www.redbus.in/bus-tickets/midnapore-to-barasat-west-bengal,SBSTC-MIDNAPUR - BARASAT - 16:00 (MID DEPOT) - 1193,Non AC Seater (2+3),16:00,00:00,08h 00m,INR 125,30 Seats available,"4.2
70"
Haldia to Kolkata,https://www.redbus.in/bus-tickets/haldia-to-kolkata,SBSTC-HALDIA - KOLKATA - 15:00 (Haldia Depot) - 641,Non AC Seater (2+3),15:00,18:00,03h 00m,INR 110,52 Seats available,"4.1
202"
Haldia to Kolkata,https://www.redbus.in/bus-tickets/haldia-to-kolkata,SBSTC-HALDIA - KOLKATA - 16:05 (HALDIA DEPOT) - 1328,Non AC Seater (2+3),16:05,19:05,03h 00m,INR 110,52 Seats available,"3.5
203"
Haldia to Kolkata,https://www.redbus.in/bus-tickets/haldia-to-kolkata,SBSTC-HALDIA - KOLKATA - ALL STOP - 17:30 (HLD DEPOT) - 630,Non AC Seater (2+3),17:30,20:30,03h 00m,INR 110,52 Seats available,"3.7
207"
Haldia to Kolkata,https://www.redbus.in/bus-tickets/haldia-to-kolkata,WBTC (CTC) Habra- Barasat- Haldia - 180|16:45,Non AC Seater (2+3),16:45,19:30,02h 45m,INR 97,26 Seats available,"3.9
60"
Kolkata to Asansol (West Bengal),https://www.redbus.in/bus-tickets/kolkata-to-asansol,Express Line,Volvo 9600 A/C Semi Sleeper (2+2),14:10,18:30,04h 20m,INR 524,33 Seats available,"4.8
77"
Kolkata to Asansol (West Bengal),https://www.redbus.in/bus-tickets/kolkata-to-asansol,SHYAMOLI Pvt. Ltd.(Karunamoyee),Scania Multi-Axle AC Semi Sleeper (2+2),14:10,19:00,04h 50m,INR 524,12 Seats available,"4.3
196"
Kolkata to Asansol (West Bengal),https://www.redbus.in/bus-tickets/kolkata-to-asansol,Greenline,Volvo A/C Seater (2+2),14:30,19:30,05h 00m,INR 524,21 Seats available,"3.6
27"
Kolkata to Asansol (West Bengal),https://www.redbus.in/bus-tickets/kolkata-to-asansol,Greenline (Karunamoyee),Volvo A/C Seater (2+2),15:00,20:00,05h 00m,INR 524,32 Seats available,"4.1
116"
Kolkata to Asansol (West Bengal),https://www.redbus.in/bus-tickets/kolkata-to-asansol,Shyamoli Paribahan Pvt Ltd,Scania Multi-Axle AC Semi Sleeper (2+2),15:00,19:00,04h 00m,INR 524,17 Seats available,"4.1
22"
Kolkata to Asansol (West Bengal),https://www.redbus.in/bus-tickets/kolkata-to-asansol,Express Line,Volvo 9600 Multi Axle Semi-Sleeper (2+2),15:30,19:40,04h 10m,INR 524,51 Seats available,"4.7
49"
Kolkata to Asansol (West Bengal),https://www.redbus.in/bus-tickets/kolkata-to-asansol,Express Line (Karunamoyee),Volvo 9600 A/C Semi Sleeper (2+2),15:45,20:45,05h 00m,INR 524,38 Seats available,"4.7
150"
Kolkata to Asansol (West Bengal),https://www.redbus.in/bus-tickets/kolkata-to-asansol,SHYAMOLI Pvt. Ltd.(Karunamoyee),Scania Multi-Axle AC Semi Sleeper (2+2),16:00,21:00,05h 00m,INR 524,40 Seats available,"4.2
119"
Kolkata to Asansol (West Bengal),https://www.redbus.in/bus-tickets/kolkata-to-asansol,Greenline,Volvo 9600 Multi Axle Semi-Sleeper (2+2),16:00,20:00,04h 00m,INR 524,41 Seats available,"4.3
50"
Kolkata to Asansol (West Bengal),https://www.redbus.in/bus-tickets/kolkata-to-asansol,Shyamoli Paribahan Pvt Ltd,Volvo A/C Seater (2+2),16:40,21:40,05h 00m,INR 524,29 Seats available,"4.0
62"
